"","player_name","batter","pitch_seq","description","hit_speed","hit_angle"
"3","Adam Conley",493316,"CH|FF","Called Strike","null","null"
"5","Adam Conley",434158,"CH|CH","Foul","null","null"
"6","Adam Conley",434158,"CH|FF","Called Strike","null","null"
"7","Adam Conley",434158,"FF|FF","Foul","null","null"
"8","Adam Conley",434158,"FF|CH","Foul","null","null"
"9","Adam Conley",434158,"CH|FF","In play, out(s)","78","26.87"
"12","Adam Conley",608061,"FF|FF","In play, out(s)","77.2","60.71"
"14","Adam Conley",457803,"CH|FF","In play, out(s)","100.5","20.69"
"15","Adam Conley",457803,"FF|FF","Swinging Strike","null","null"
"17","Adam Conley",518595,"SL|FF","Called Strike","null","null"
"19","Adam Conley",112526,"FF|FF","Swinging Strike","null","null"
"20","Adam Conley",112526,"FF|FF","Called Strike","null","null"
"22","Adam Conley",452678,"CH|CH","Called Strike","null","null"
"27","Adam Conley",493316,"SL|CH","Swinging Strike","null","null"
"28","Adam Conley",493316,"CH|SL","Foul","null","null"
"31","Adam Conley",493316,"CH|FF","Called Strike","null","null"
"34","Adam Conley",408314,"SL|FF","Called Strike","null","null"
"36","Adam Conley",408314,"SL|FF","Called Strike","null","null"
"37","Adam Conley",408314,"FF|FF","Foul","null","null"
"38","Adam Conley",408314,"FF|CH","In play, no out","null","null"
"40","Adam Conley",493472,"FF|FF","Foul","null","null"
"41","Adam Conley",493472,"FF|FF","Called Strike","null","null"
"43","Adam Conley",493472,"CH|CH","In play, out(s)","65","-23.85"
"45","Adam Conley",408314,"FF|FF","Called Strike","null","null"
"47","Adam Conley",594809,"FF|FF","Called Strike","null","null"
"49","Adam Conley",594809,"FF|FF","Called Strike","null","null"
"53","Adam Conley",466320,"FF|FF","Called Strike","null","null"
"54","Adam Conley",466320,"FF|SL","Swinging Strike","null","null"
"56","Adam Conley",547989,"FF|CH","In play, run(s)","99.2","11.53"
"59","Adam Conley",453943,"FF|SL","Swinging Strike","null","null"
"60","Adam Conley",453943,"SL|SL","Swinging Strike","null","null"
"61","Adam Conley",453943,"SL|SL","Foul","null","null"
"63","Adam Conley",641313,"FF|SL","In play, no out","94.9","5.54"
"65","Adam Conley",641313,"CH|FF","Foul","null","null"
"66","Adam Conley",641313,"FF|SL","Called Strike","null","null"
"69","Adam Conley",605183,"FF|CH","Swinging Strike","null","null"
"72","Adam Conley",425900,"SL|FF","In play, run(s)","85.2","0.86"
"73","Adam Conley",425900,"FF|FF","Called Strike","null","null"
"74","Adam Conley",425900,"FF|CH","Foul","null","null"
"77","Adam Conley",448306,"SL|CH","Foul","null","null"
"79","Adam Conley",448306,"CH|CH","Foul","null","null"
"83","Adam Conley",594809,"SL|SL","Swinging Strike","null","null"
"85","Adam Conley",594809,"FF|SL","Foul","null","null"
"87","Adam Conley",573135,"CH|FF","In play, run(s)","102.2","19.67"
"90","Adam Conley",547989,"FF|SL","In play, out(s)","107.7","-10.19"
"91","Adam Conley",547989,"SL|SL","Called Strike","null","null"
"93","Adam Conley",547989,"CH|CH","Swinging Strike","null","null"
"98","Adam Conley",453943,"CH|FF","Swinging Strike","null","null"
"100","Adam Conley",641313,"CH|SL","In play, out(s)","77.7","-25.82"
"102","Adam Conley",641313,"SL|FF","Swinging Strike","null","null"
"106","Adam Conley",605183,"CH|CH","In play, run(s)","100.6","30.95"
"108","Adam Conley",425900,"SL|FF","Called Strike","null","null"
"110","Adam Conley",425900,"SL|SL","Foul","null","null"
"111","Adam Conley",425900,"SL|CH","In play, out(s)","81.7","23.43"
"113","Adam Conley",448306,"SL|SL","Foul","null","null"
"114","Adam Conley",448306,"SL|FF","Called Strike","null","null"
"115","Adam Conley",448306,"FF|FF","Called Strike","null","null"
"116","Adam Conley",448306,"FF|FF","Swinging Strike","null","null"
"118","Adam Conley",594809,"SL|SL","Foul","null","null"
"123","Adam Conley",594809,"FF|FF","Foul","null","null"
"126","Adam Conley",573135,"CH|CH","Called Strike","null","null"
"127","Adam Conley",573135,"CH|CH","Swinging Strike","null","null"
"128","Adam Conley",573135,"CH|CH","In play, out(s)","null","null"
"130","Adam Conley",453568,"CH|SL","Foul","null","null"
"131","Adam Conley",453568,"SL|FF","In play, out(s)","null","null"
"135","Adam Conley",518934,"FF|CH","Called Strike","null","null"
"138","Adam Conley",621311,"SL|SL","Swinging Strike","null","null"
"142","Adam Conley",571448,"CH|CH","Called Strike","null","null"
"143","Adam Conley",571448,"CH|CH","Called Strike","null","null"
"146","Adam Conley",448602,"CH|CH","Called Strike","null","null"
"147","Adam Conley",448602,"CH|CH","Foul","null","null"
"148","Adam Conley",448602,"CH|FF","Foul","null","null"
"150","Adam Conley",448602,"FF|CH","Called Strike","null","null"
"152","Adam Conley",448602,"FF|CH","Swinging Strike","null","null"
"154","Adam Conley",467827,"CH|CH","Called Strike","null","null"
"155","Adam Conley",467827,"CH|SL","In play, out(s)","null","null"
"157","Adam Conley",542436,"CH|CH","Called Strike","null","null"
"159","Adam Conley",547172,"FF|FF","Foul","null","null"
"162","Adam Conley",547172,"CH|CH","Called Strike","null","null"
"163","Adam Conley",547172,"CH|CH","Foul","null","null"
"164","Adam Conley",547172,"CH|CH","Foul","null","null"
"173","Adam Conley",448602,"FF|FF","In play, no out","108.9","5.23"
"174","Adam Conley",448602,"FF|FF","Called Strike","null","null"
"180","Adam Conley",467827,"FF|CH","In play, no out","77.7","22.06"
"181","Adam Conley",467827,"CH|FF","Foul","null","null"
"182","Adam Conley",467827,"FF|FF","Foul","null","null"
"184","Adam Conley",453568,"CH|FF","In play, run(s)","102.3","11.9"
"190","Adam Conley",518934,"FF|FF","Foul","null","null"
"193","Adam Conley",621311,"CH|CH","Called Strike","null","null"
"195","Adam Conley",571448,"CH|CH","Called Strike","null","null"
"196","Adam Conley",571448,"CH|FF","In play, run(s)","106.6","24.84"
"200","Adam Conley",448602,"FF|FF","Foul","null","null"
"202","Adam Conley",448602,"CH|FF","Swinging Strike","null","null"
"203","Adam Conley",448602,"FF|FF","Foul","null","null"
"207","Adam Conley",592351,"CH|CH","In play, out(s)","null","null"
"209","Adam Conley",543734,"SL|FF","Foul","null","null"
"211","Adam Conley",453568,"FF|FF","Called Strike","null","null"
"214","Adam Conley",451594,"FF|SL","Foul","null","null"
"215","Adam Conley",451594,"SL|FF","Foul","null","null"
"219","Adam Conley",451594,"null|FF","Called Strike","null","null"
"223","Adam Conley",592178,"CH|FF","Called Strike","null","null"
"225","Adam Conley",592178,"FF|CH","In play, out(s)","101.9","53.67"
"227","Adam Conley",519203,"FF|FF","Called Strike","null","null"
"228","Adam Conley",519203,"FF|FF","Foul","null","null"
"232","Adam Conley",608365,"SL|FF","In play, run(s)","100.5","8.6"
"234","Adam Conley",608365,"FF|FF","Foul","null","null"
"237","Adam Conley",518792,"FF|FF","Foul","null","null"
"238","Adam Conley",518792,"FF|FF","In play, no out","101.4","2.53"
"242","Adam Conley",575929,"FF|FF","Called Strike","null","null"
"245","Adam Conley",519333,"SL|SL","Swinging Strike","null","null"
"246","Adam Conley",519333,"SL|FF","Foul","null","null"
"248","Adam Conley",519333,"SL|SL","Foul","null","null"
"250","Adam Conley",543294,"FF|FF","Called Strike","null","null"
"251","Adam Conley",543294,"FF|FF","Called Strike","null","null"
"256","Adam Conley",451594,"FF|CH","Swinging Strike","null","null"
"257","Adam Conley",451594,"CH|CH","Foul","null","null"
"263","Adam Conley",592178,"FF|CH","Called Strike","null","null"
"265","Adam Conley",592178,"SL|FF","In play, out(s)","null","null"
"273","Adam Conley",595879,"SL|SL","Foul (Runner Going)","null","null"
"275","Adam Conley",595879,"FF|SL","Foul","null","null"
"277","Adam Conley",595879,"FF|SL","Swinging Strike (Blocked)","null","null"
"282","Adam Conley",518792,"FF|FF","In play, out(s)","80.4","24.03"
"284","Adam Conley",518792,"FF|FF","Foul","null","null"
"294","Adam Conley",543294,"FF|FF","Called Strike","null","null"
"295","Adam Conley",543294,"FF|FF","Swinging Strike","null","null"
"299","Adam Conley",519203,"FF|SL","Called Strike","null","null"
"302","Adam Conley",595879,"FF|CH","Foul","null","null"
"305","Adam Conley",595879,"SL|FF","Called Strike","null","null"
"307","Adam Conley",608365,"SL|SL","In play, out(s)","100.2","61.91"
"308","Adam Conley",608365,"SL|FF","Called Strike","null","null"
"311","Adam Conley",519237,"FF|FF","Swinging Strike","null","null"
"312","Adam Conley",519237,"FF|FF","Called Strike","null","null"
"315","Adam Conley",605227,"FF|SL","Swinging Strike","null","null"
"316","Adam Conley",605227,"SL|FF","Swinging Strike","null","null"
"317","Adam Conley",605227,"FF|FF","Called Strike","null","null"
"319","Adam Conley",517370,"FF|SL","Swinging Strike","null","null"
"320","Adam Conley",517370,"SL|FF","Foul","null","null"
"321","Adam Conley",517370,"FF|SL","Foul","null","null"
"324","Adam Conley",519237,"FF|FF","Called Strike","null","null"
"325","Adam Conley",519237,"FF|FF","Called Strike","null","null"
"326","Adam Conley",519237,"FF|FF","Foul","null","null"
"327","Adam Conley",519237,"FF|CH","Foul","null","null"
"332","Adam Conley",605227,"CH|CH","Swinging Strike","null","null"
"333","Adam Conley",605227,"CH|FF","Swinging Strike","null","null"
"337","Adam Conley",546318,"FF|FF","Called Strike","null","null"
"341","Adam Conley",519237,"SL|FF","Foul","null","null"
"342","Adam Conley",519237,"FF|FF","Foul","null","null"
"347","Adam Conley",595963,"FF|SL","Foul","null","null"
"348","Adam Conley",595963,"SL|SL","Swinging Strike","null","null"
"349","Adam Conley",595963,"SL|CH","Foul","null","null"
"353","Adam Conley",514917,"FF|FF","Foul","null","null"
"355","Adam Conley",514917,"FF|FF","Called Strike","null","null"
"359","Adam Conley",595963,"SL|FF","Foul","null","null"
"360","Adam Conley",595963,"FF|FF","Called Strike","null","null"
"361","Adam Conley",595963,"FF|FF","In play, out(s)","89.9","2.27"
"363","Adam Conley",621107,"FF|FF","Foul","null","null"
"365","Adam Conley",621107,"CH|SL","In play, out(s)","99.9","0.6"
"367","Adam Conley",571830,"FF|FF","Foul","null","null"
"369","Adam Conley",595963,"CH|FF","In play, out(s)","65.3","82.76"
"372","Adam Conley",514917,"CH|FF","Called Strike","null","null"
"375","Adam Conley",514917,"FF|FF","Foul","null","null"
"376","Adam Conley",514917,"FF|SL","In play, out(s)","98.6","-1.99"
"377","Adam Conley",514917,"SL|FF","Foul","null","null"
"378","Adam Conley",514917,"FF|FF","Foul","null","null"
"380","Adam Conley",596748,"FF|FF","Foul","null","null"
"382","Adam Conley",621107,"FF|FF","Foul","null","null"
"385","Adam Conley",546318,"CH|FF","In play, no out","40.7","-8.82"
"386","Adam Conley",546318,"FF|FF","Called Strike","null","null"
"388","Adam Conley",546318,"FF|FF","In play, no out","null","null"
"390","Adam Conley",596748,"CH|FF","Called Strike","null","null"
"392","Adam Conley",519085,"FF|FF","Called Strike","null","null"
"395","Adam Conley",514917,"FF|FF","Called Strike","null","null"
"399","Adam Conley",605227,"SL|FF","Swinging Strike","null","null"
"401","Adam Conley",546318,"FF|FF","Swinging Strike","null","null"
"402","Adam Conley",546318,"FF|CH","In play, out(s)","87.3","41.61"
"404","Adam Conley",517370,"CH|FF","Called Strike","null","null"
"405","Adam Conley",517370,"FF|FF","In play, out(s)","105.7","14.96"
"407","Adam Conley",571830,"CH|SL","Foul","null","null"
"410","Adam Conley",571830,"CH|FF","Swinging Strike","null","null"
"411","Adam Conley",571830,"FF|FF","Foul","null","null"
"412","Adam Conley",571830,"FF|FF","Foul","null","null"
"413","Adam Conley",571830,"FF|FF","In play, out(s)","98.8","33.39"
"415","Adam Conley",408314,"FF|FF","Called Strike","null","null"
"419","Adam Conley",493316,"FF|SL","In play, run(s)","100.7","16.77"
"420","Adam Conley",493316,"SL|FF","Called Strike","null","null"
"424","Adam Conley",435522,"FF|CH","In play, out(s)","82.4","6.68"
"426","Adam Conley",435522,"FF|FF","Foul","null","null"
"427","Adam Conley",435522,"FF|FF","Foul","null","null"
"431","Adam Conley",452678,"FF|CH","In play, no out","98.9","26.63"
"434","Adam Conley",518595,"FF|FF","Foul","null","null"
"435","Adam Conley",518595,"FF|SL","In play, out(s)","95.5","-14.3"
"442","Adam Conley",548337,"FF|FF","Foul","null","null"
"443","Adam Conley",548337,"FF|FF","Foul","null","null"
"444","Adam Conley",548337,"FF|FF","Foul","null","null"
"445","Adam Conley",548337,"FF|SL","Called Strike","null","null"
"447","Adam Conley",408314,"SL|FF","Foul","null","null"
"449","Adam Conley",408314,"CH|FF","Foul","null","null"
"450","Adam Conley",408314,"FF|FF","Foul","null","null"
"452","Adam Conley",408314,"SL|CH","Swinging Strike","null","null"
"454","Adam Conley",434158,"SL|CH","Swinging Strike","null","null"
"455","Adam Conley",434158,"CH|FF","In play, out(s)","85.5","38.45"
"461","Adam Conley",527038,"FF|SL","In play, out(s)","61.5","58.22"
"462","Adam Conley",527038,"SL|SL","Foul","null","null"
"463","Adam Conley",527038,"SL|SL","Foul","null","null"
"465","Adam Conley",435522,"FF|FF","In play, out(s)","89","62.08"
"467","Adam Conley",435522,"CH|FF","Swinging Strike","null","null"
"469","Adam Conley",452678,"SL|FF","Foul","null","null"
"470","Adam Conley",452678,"FF|SL","Swinging Strike","null","null"
"471","Adam Conley",452678,"SL|FF","Called Strike","null","null"
"472","Adam Conley",452678,"FF|FF","Foul","null","null"
"475","Adam Conley",548337,"FF|FF","In play, out(s)","87.6","22.89"
"476","Adam Conley",548337,"FF|FF","Missed Bunt","null","null"
"478","Adam Conley",408314,"FF|SL","Called Strike","null","null"
"482","Adam Conley",434158,"FF|FF","Called Strike","null","null"
"483","Adam Conley",434158,"FF|FF","In play, out(s)","93.8","53.68"
"485","Adam Conley",527038,"SL|FF","Called Strike","null","null"
"488","Adam Conley",452678,"FF|FF","Called Strike","null","null"
"489","Adam Conley",452678,"FF|FF","In play, out(s)","null","null"
"493","Adam Conley",518595,"FF|FF","Called Strike","null","null"
"495","Adam Conley",501571,"FF|FF","Hit By Pitch","null","null"
"496","Adam Conley",501571,"FF|FF","Called Strike","null","null"
"497","Adam Conley",501571,"FF|FF","Swinging Strike","null","null"
"502","Adam Conley",493316,"FF|CH","In play, out(s)","null","null"
"505","Adam Conley",501571,"FF|SL","In play, no out","102","0.66"
"506","Adam Conley",501571,"SL|SL","Swinging Strike (Blocked)","null","null"
"507","Adam Conley",501571,"SL|SL","Called Strike","null","null"
"510","Adam Conley",502054,"FF|FF","In play, out(s)","92.2","48.1"
"511","Adam Conley",502054,"FF|FF","Called Strike","null","null"
"514","Adam Conley",572039,"FF|FF","Swinging Strike","null","null"
"515","Adam Conley",572039,"FF|FF","Called Strike","null","null"
"517","Adam Conley",407812,"FF|FF","Swinging Strike","null","null"
"518","Adam Conley",407812,"FF|FF","Foul","null","null"
"520","Adam Conley",407812,"FF|FF","In play, run(s)","103","26.61"
"522","Adam Conley",425509,"FF|FF","Foul","null","null"
"523","Adam Conley",425509,"FF|SL","Swinging Strike","null","null"
"525","Adam Conley",425509,"FF|FF","Foul","null","null"
"527","Adam Conley",545341,"FF|FF","Foul","null","null"
"529","Adam Conley",545341,"FF|FF","Foul","null","null"
"530","Adam Conley",545341,"FF|SL","Swinging Strike","null","null"
"535","Adam Conley",451705,"FF|FF","Called Strike","null","null"
"537","Adam Conley",451705,"FF|FF","Foul","null","null"
"538","Adam Conley",451705,"FF|SL","Foul","null","null"
"539","Adam Conley",451705,"SL|CH","Foul","null","null"
"540","Adam Conley",451705,"CH|FF","Foul","null","null"
"541","Adam Conley",451705,"FF|FF","In play, out(s)","100.7","-5.28"
"546","Adam Conley",608379,"FF|FF","Foul","null","null"
"547","Adam Conley",608379,"FF|FF","Swinging Strike","null","null"
"549","Adam Conley",502054,"CH|FF","Called Strike","null","null"
"550","Adam Conley",502054,"FF|CH","Called Strike","null","null"
"555","Adam Conley",649557,"FF|FF","Called Strike","null","null"
"559","Adam Conley",425509,"FF|FF","Foul","null","null"
"562","Adam Conley",425509,"SL|SL","Swinging Strike","null","null"
"563","Adam Conley",425509,"SL|SL","Foul","null","null"
"564","Adam Conley",425509,"SL|SL","Swinging Strike","null","null"
"566","Adam Conley",545341,"CH|FF","Swinging Strike","null","null"
"567","Adam Conley",545341,"FF|FF","Foul","null","null"
"571","Adam Conley",576397,"SL|SL","Swinging Strike","null","null"
"572","Adam Conley",576397,"SL|FF","Called Strike","null","null"
"574","Adam Conley",451705,"FF|FF","Called Strike","null","null"
"575","Adam Conley",451705,"FF|FF","Called Strike","null","null"
"583","Adam Conley",502054,"FF|SL","Swinging Strike","null","null"
"584","Adam Conley",502054,"SL|FF","Called Strike","null","null"
"585","Adam Conley",502054,"FF|SL","Foul","null","null"
"587","Adam Conley",649557,"CH|FF","Called Strike","null","null"
"589","Adam Conley",649557,"SL|FF","Called Strike","null","null"
"592","Adam Conley",649557,"FF|FF","Foul","null","null"
"595","Adam Conley",407812,"FF|FF","In play, run(s)","null","null"
"596","Adam Conley",407812,"FF|FF","Called Strike","null","null"
"598","Adam Conley",572039,"FF|FF","In play, out(s)","null","null"
"599","Adam Conley",572039,"FF|FF","Foul","null","null"
"603","Adam Conley",571740,"FF|FF","Called Strike","null","null"
"604","Adam Conley",571740,"FF|FF","Foul","null","null"
"605","Adam Conley",571740,"FF|FF","Foul","null","null"
"607","Adam Conley",571740,"FF|FF","Called Strike","null","null"
"608","Adam Conley",571740,"FF|SL","Foul","null","null"
"609","Adam Conley",571740,"SL|CH","Swinging Strike","null","null"
"612","Adam Conley",458015,"CH|FF","Foul","null","null"
"616","Adam Conley",457803,"FF|FF","Called Strike","null","null"
"617","Adam Conley",457803,"FF|FF","Called Strike","null","null"
"619","Adam Conley",408252,"FF|CH","In play, out(s)","66.5","-23.38"
"621","Adam Conley",408252,"FF|FF","Foul","null","null"
"624","Adam Conley",553993,"FF|FF","In play, out(s)","81.1","26.61"
"625","Adam Conley",553993,"FF|FF","Called Strike","null","null"
"627","Adam Conley",553993,"FF|FF","Foul","null","null"
"629","Adam Conley",541608,"CH|FF","Foul","null","null"
"631","Adam Conley",543424,"FF|FF","Swinging Strike","null","null"
"632","Adam Conley",543424,"FF|FF","Called Strike","null","null"
"636","Adam Conley",446359,"FF|SL","Swinging Strike (Blocked)","null","null"
"637","Adam Conley",446359,"SL|FF","Called Strike","null","null"
"639","Adam Conley",571740,"CH|FF","Foul","null","null"
"640","Adam Conley",571740,"FF|CH","Foul","null","null"
"641","Adam Conley",571740,"CH|FF","Foul","null","null"
"643","Adam Conley",571740,"FF|CH","Foul","null","null"
"647","Adam Conley",594807,"FF|FF","Foul","null","null"
"648","Adam Conley",594807,"FF|SL","Swinging Strike","null","null"
"649","Adam Conley",594807,"SL|FF","Foul","null","null"
"653","Adam Conley",408252,"FF|FF","Called Strike","null","null"
"654","Adam Conley",408252,"FF|FF","In play, run(s)","78.3","13.58"
"657","Adam Conley",541608,"FF|FF","In play, no out","89.4","31.19"
"659","Adam Conley",543424,"CH|FF","Foul","null","null"
"660","Adam Conley",543424,"FF|FF","Foul","null","null"
"663","Adam Conley",446359,"SL|FF","Foul","null","null"
"665","Adam Conley",571740,"CH|FF","In play, out(s)","91.1","9.16"
"668","Adam Conley",458015,"SL|FF","Foul","null","null"
"669","Adam Conley",458015,"FF|FF","In play, out(s)","95.3","-0.31"
"672","Adam Conley",457803,"FF|SL","In play, out(s)","99.3","28.66"
"673","Adam Conley",457803,"SL|FF","Foul","null","null"
"674","Adam Conley",457803,"FF|SL","Foul","null","null"
"676","Adam Conley",594807,"FF|SL","In play, run(s)","110.7","21.54"
"677","Adam Conley",594807,"SL|FF","Called Strike","null","null"
"679","Adam Conley",458015,"FF|FF","Called Strike","null","null"
"681","Adam Conley",458015,"CH|FF","Called Strike","null","null"
"683","Adam Conley",458015,"FF|FF","In play, out(s)","76.5","-33.8"
"685","Adam Conley",553993,"CH|FF","In play, out(s)","45.1","24.34"
"686","Adam Conley",553993,"FF|SL","Called Strike","null","null"
"689","Adam Conley",488818,"CH|FF","Swinging Strike","null","null"
"692","Adam Conley",488818,"FF|FF","Foul","null","null"
"693","Adam Conley",488818,"FF|CH","Called Strike","null","null"
"694","Adam Conley",488818,"CH|SL","Called Strike","null","null"
"697","Adam Conley",607054,"CH|SL","Foul","null","null"
"698","Adam Conley",607054,"SL|SL","Foul","null","null"
"699","Adam Conley",607054,"SL|CH","Swinging Strike (Blocked)","null","null"
"700","Adam Conley",607054,"CH|CH","Called Strike","null","null"
"707","Adam Conley",518692,"CH|SL","Swinging Strike","null","null"
"709","Adam Conley",455976,"FF|CH","Swinging Strike (Blocked)","null","null"
"710","Adam Conley",455976,"CH|FF","In play, out(s)","null","null"
"711","Adam Conley",455976,"FF|FF","Called Strike","null","null"
"713","Adam Conley",488818,"FF|FF","Swinging Strike","null","null"
"715","Adam Conley",607054,"FF|FF","In play, out(s)","null","null"
"716","Adam Conley",607054,"FF|FF","Called Strike","null","null"
"718","Adam Conley",425796,"FF|FF","Foul","null","null"
"720","Adam Conley",425796,"FF|FF","Foul","null","null"
"721","Adam Conley",425796,"FF|FF","Called Strike","null","null"
"722","Adam Conley",425796,"FF|CH","In play, out(s)","null","null"
"725","Adam Conley",488818,"FF|SL","In play, out(s)","null","null"
"726","Adam Conley",488818,"SL|FF","Called Strike","null","null"
"730","Adam Conley",452095,"FF|FF","In play, out(s)","null","null"
"733","Adam Conley",518692,"CH|FF","In play, no out","null","null"
"736","Adam Conley",518692,"FF|FF","In play, no out","null","null"
"741","Adam Conley",425796,"FF|FF","In play, out(s)","null","null"
"742","Adam Conley",425796,"FF|FF","Swinging Strike","null","null"
"744","Adam Conley",611177,"SL|CH","Foul","null","null"
"746","Adam Conley",611177,"FF|FF","In play, out(s)","null","null"
"747","Adam Conley",611177,"FF|CH","Foul","null","null"
"749","Adam Conley",607054,"SL|SL","Swinging Strike","null","null"
"750","Adam Conley",607054,"SL|FF","In play, out(s)","null","null"
"751","Adam Conley",607054,"FF|FF","Foul","null","null"
"753","Adam Conley",605538,"FF|FF","In play, no out","null","null"
"754","Adam Conley",605538,"FF|FF","Called Strike","null","null"
"756","Adam Conley",455976,"FF|FF","Called Strike","null","null"
"759","Adam Conley",611177,"FF|SL","Foul","null","null"
"760","Adam Conley",611177,"SL|FF","In play, out(s)","null","null"
"761","Adam Conley",611177,"FF|FF","Foul","null","null"
"764","Adam Conley",430947,"FF|FF","In play, out(s)","null","null"
"766","Adam Conley",430947,"FF|FF","In play, no out","null","null"
"769","Adam Conley",452095,"FF|FF","In play, out(s)","null","null"
"770","Adam Conley",452095,"FF|FF","Called Strike","null","null"
"772","Adam Conley",611177,"CH|FF","Foul","null","null"
"773","Adam Conley",611177,"FF|SL","Foul","null","null"
"774","Adam Conley",611177,"SL|CH","Foul","null","null"
"776","Adam Conley",611177,"FF|FF","In play, out(s)","null","null"
"779","Adam Conley",435079,"FF|FF","Swinging Strike","null","null"
"780","Adam Conley",435079,"FF|SL","Swinging Strike","null","null"
"783","Adam Conley",457727,"FF|FF","Called Strike","null","null"
"784","Adam Conley",457727,"FF|FF","Called Strike","null","null"
"786","Adam Conley",408234,"FF|SL","Foul","null","null"
"788","Adam Conley",408234,"FF|FF","Foul","null","null"
"789","Adam Conley",408234,"FF|FF","Called Strike","null","null"
"790","Adam Conley",408234,"FF|FF","Called Strike","null","null"
"793","Adam Conley",400121,"FF|FF","Swinging Strike","null","null"
"794","Adam Conley",400121,"FF|FF","Called Strike","null","null"
"795","Adam Conley",400121,"FF|FF","Foul","null","null"
"797","Adam Conley",592206,"FF|FF","Called Strike","null","null"
"799","Adam Conley",457708,"SL|FF","Foul","null","null"
"801","Adam Conley",457708,"FF|FF","Foul","null","null"
"802","Adam Conley",457708,"FF|SL","Swinging Strike","null","null"
"804","Adam Conley",543510,"FF|FF","Called Strike","null","null"
"805","Adam Conley",543510,"FF|SL","Swinging Strike","null","null"
"806","Adam Conley",543510,"SL|FF","Swinging Strike","null","null"
"808","Adam Conley",449107,"SL|FF","Called Strike","null","null"
"809","Adam Conley",449107,"FF|FF","Foul","null","null"
"812","Adam Conley",578428,"FF|FF","Called Strike","null","null"
"816","Adam Conley",435079,"FF|CH","Foul","null","null"
"817","Adam Conley",435079,"CH|CH","Foul","null","null"
"818","Adam Conley",435079,"CH|FF","Called Strike","null","null"
"822","Adam Conley",408234,"SL|FF","Foul","null","null"
"823","Adam Conley",408234,"FF|SL","Swinging Strike","null","null"
"824","Adam Conley",408234,"SL|SL","Foul","null","null"
"828","Adam Conley",400121,"SL|FF","Called Strike","null","null"
"829","Adam Conley",400121,"FF|CH","In play, out(s)","97.3","21.38"
"831","Adam Conley",592206,"CH|SL","In play, out(s)","94.5","31.93"
"832","Adam Conley",592206,"SL|CH","Called Strike","null","null"
"834","Adam Conley",457708,"FF|FF","Foul","null","null"
"836","Adam Conley",457708,"FF|SL","Foul","null","null"
"837","Adam Conley",457708,"SL|FF","Foul","null","null"
"838","Adam Conley",457708,"FF|FF","Foul","null","null"
"839","Adam Conley",457708,"FF|FF","Called Strike","null","null"
"841","Adam Conley",457708,"FF|SL","Foul","null","null"
"843","Adam Conley",457708,"SL|FF","In play, out(s)","80.8","69.68"
"845","Adam Conley",543510,"FF|SL","Foul","null","null"
"846","Adam Conley",543510,"SL|FF","Called Strike","null","null"
"847","Adam Conley",543510,"FF|SL","Swinging Strike","null","null"
"853","Adam Conley",457727,"FF|FF","Swinging Strike","null","null"
"861","Adam Conley",408234,"FF|FF","Swinging Strike","null","null"
"862","Adam Conley",408234,"FF|FF","Swinging Strike","null","null"
"863","Adam Conley",408234,"FF|CH","In play, run(s)","104.7","29.48"
"865","Adam Conley",578428,"FF|FF","In play, run(s)","101.1","28.38"
"869","Adam Conley",435079,"SL|CH","In play, no out","97.1","22.64"
"873","Adam Conley",518692,"CH|CH","Swinging Strike","null","null"
"874","Adam Conley",518692,"CH|FF","Foul","null","null"
"876","Adam Conley",518692,"FF|FF","Foul","null","null"
"878","Adam Conley",452095,"SL|SL","Foul","null","null"
"879","Adam Conley",452095,"SL|FF","Foul","null","null"
"880","Adam Conley",452095,"FF|CH","Called Strike","null","null"
"883","Adam Conley",542255,"FF|FF","Foul","null","null"
"887","Adam Conley",425796,"FF|SL","Swinging Strike","null","null"
"888","Adam Conley",425796,"SL|SL","Foul","null","null"
"890","Adam Conley",425796,"FF|SL","Foul","null","null"
"893","Adam Conley",488818,"FF|FF","Foul","null","null"
"894","Adam Conley",488818,"FF|FF","Called Strike","null","null"
"899","Adam Conley",466988,"SL|FF","Called Strike","null","null"
"901","Adam Conley",466988,"FF|CH","Foul","null","null"
"904","Adam Conley",542255,"CH|SL","In play, out(s)","78.2","-31.61"
"906","Adam Conley",542255,"SL|SL","Called Strike","null","null"
"910","Adam Conley",455976,"CH|FF","Foul","null","null"
"911","Adam Conley",455976,"FF|FF","Called Strike","null","null"
"912","Adam Conley",455976,"FF|SL","Foul","null","null"
"913","Adam Conley",455976,"SL|FF","In play, out(s)","57.8","30.48"
"915","Adam Conley",488818,"SL|CH","In play, out(s)","60.5","34.44"
"916","Adam Conley",488818,"CH|FF","Called Strike","null","null"
"918","Adam Conley",430947,"SL|FF","Called Strike","null","null"
"921","Adam Conley",425796,"CH|CH","Foul","null","null"
"922","Adam Conley",425796,"CH|FF","Swinging Strike","null","null"
"923","Adam Conley",425796,"FF|SL","In play, out(s)","86.2","-5.71"
"925","Adam Conley",455976,"FF|CH","Swinging Strike","null","null"
"926","Adam Conley",455976,"CH|CH","Foul","null","null"
"927","Adam Conley",455976,"CH|FF","Foul","null","null"
"928","Adam Conley",455976,"FF|FF","Called Strike","null","null"
"930","Adam Conley",455976,"FF|SL","In play, out(s)","80.2","-5.94"
"932","Adam Conley",542255,"FF|FF","In play, out(s)","65.5","-17.78"
"933","Adam Conley",542255,"FF|FF","Called Strike","null","null"
"936","Adam Conley",607054,"CH|FF","Called Strike","null","null"
"939","Adam Conley",607054,"FF|FF","In play, out(s)","58.9","25.56"
"941","Adam Conley",455976,"FF|FF","In play, out(s)","67.5","43.78"
"944","Adam Conley",488818,"FF|FF","Swinging Strike","null","null"
"946","Adam Conley",607054,"FF|SL","Called Strike","null","null"
"953","Adam Conley",430947,"SL|CH","In play, no out","92.9","1.04"
"954","Adam Conley",430947,"CH|FF","Called Strike","null","null"
"955","Adam Conley",430947,"FF|FF","Foul","null","null"
"956","Adam Conley",430947,"FF|FF","Foul","null","null"
"957","Adam Conley",430947,"FF|FF","Foul","null","null"
"961","Adam Conley",452095,"FF|SL","In play, out(s)","null","null"
"965","Adam Conley",542255,"SL|SL","Foul","null","null"
"967","Adam Conley",542255,"SL|SL","In play, out(s)","83.1","-4.14"
"971","Adam Conley",607054,"FF|FF","Called Strike","null","null"
"972","Adam Conley",607054,"FF|FF","In play, no out","91.7","-21.94"
"976","Adam Conley",518692,"FF|FF","In play, no out","103.9","10.66"
"978","Adam Conley",518692,"SL|FF","Foul","null","null"
"980","Adam Conley",452095,"CH|FF","Foul","null","null"
"981","Adam Conley",452095,"FF|SL","Foul","null","null"
"982","Adam Conley",452095,"SL|CH","Foul","null","null"
"983","Adam Conley",452095,"CH|FF","In play, out(s)","102.5","45.27"
"985","Adam Conley",596115,"FF|FF","Foul","null","null"
"986","Adam Conley",596115,"FF|FF","Swinging Strike","null","null"
"989","Adam Conley",596115,"FF|FF","Foul","null","null"
"991","Adam Conley",430605,"CH|FF","Foul","null","null"
"994","Adam Conley",430605,"FF|FF","Swinging Strike","null","null"
"996","Adam Conley",430605,"FF|FF","Foul","null","null"
"998","Adam Conley",448602,"FF|FF","In play, out(s)","null","null"
"1004","Adam Conley",592351,"FF|FF","In play, out(s)","103.7","14.23"
"1005","Adam Conley",592351,"FF|FF","Foul","null","null"
"1006","Adam Conley",592351,"FF|CH","Foul","null","null"
"1009","Adam Conley",453568,"CH|SL","Called Strike","null","null"
"1011","Adam Conley",453568,"FF|FF","Called Strike","null","null"
"1012","Adam Conley",453568,"FF|FF","In play, out(s)","93.5","53.13"
"1014","Adam Conley",518934,"FF|CH","In play, out(s)","79.7","35.31"
"1015","Adam Conley",518934,"CH|FF","Foul","null","null"
"1022","Adam Conley",596115,"CH|FF","Swinging Strike","null","null"
"1023","Adam Conley",596115,"FF|SL","Swinging Strike","null","null"
"1028","Adam Conley",430605,"FF|FF","Foul","null","null"
"1030","Adam Conley",430605,"CH|FF","Foul","null","null"
"1031","Adam Conley",430605,"FF|SL","Hit By Pitch","null","null"
"1033","Adam Conley",453568,"FF|FF","Called Strike","null","null"
"1038","Adam Conley",518934,"FF|FF","Called Strike","null","null"
"1040","Adam Conley",518934,"FF|FF","In play, out(s)","104.9","19.06"
"1042","Adam Conley",471865,"FF|FF","Called Strike","null","null"
"1043","Adam Conley",471865,"FF|FF","Called Strike","null","null"
"1045","Adam Conley",571448,"CH|SL","Foul","null","null"
"1047","Adam Conley",571448,"FF|CH","Foul","null","null"
"1048","Adam Conley",571448,"CH|FF","Called Strike","null","null"
"1051","Adam Conley",571448,"FF|SL","Swinging Strike","null","null"
"1053","Adam Conley",430605,"CH|FF","Called Strike","null","null"
"1054","Adam Conley",430605,"FF|SL","Foul","null","null"
"1056","Adam Conley",448602,"FF|SL","In play, out(s)","101.8","18.95"
"1057","Adam Conley",448602,"SL|FF","Called Strike","null","null"
"1060","Adam Conley",460026,"FF|SL","In play, out(s)","77.9","-1.25"
"1063","Adam Conley",592351,"FF|FF","Foul","null","null"
"1064","Adam Conley",592351,"FF|FF","Called Strike","null","null"
"1065","Adam Conley",592351,"FF|FF","Foul","null","null"
"1066","Adam Conley",592351,"FF|null","Swinging Strike","null","null"
"1068","Adam Conley",453568,"FF|SL","In play, out(s)","93.6","46.44"
"1069","Adam Conley",453568,"SL|FF","Called Strike","null","null"
"1070","Adam Conley",453568,"FF|CH","Foul","null","null"
"1072","Adam Conley",518934,"FF|FF","Foul","null","null"
"1075","Adam Conley",518934,"FF|FF","Swinging Strike","null","null"
"1076","Adam Conley",518934,"FF|SL","Foul","null","null"
"1079","Adam Conley",471865,"SL|FF","Called Strike","null","null"
"1080","Adam Conley",471865,"FF|FF","Called Strike","null","null"
"1081","Adam Conley",471865,"FF|CH","Swinging Strike","null","null"
"1083","Adam Conley",571448,"FF|CH","Swinging Strike","null","null"
"1086","Adam Conley",596115,"CH|FF","Called Strike","null","null"
"1090","Adam Conley",471865,"SL|SL","In play, no out","95.4","18.97"
"1091","Adam Conley",471865,"SL|CH","Foul","null","null"
"1094","Adam Conley",592273,"FF|FF","Foul","null","null"
"1097","Adam Conley",516416,"FF|FF","In play, no out","null","null"
"1098","Adam Conley",516416,"FF|FF","Called Strike","null","null"
"1102","Adam Conley",456078,"FF|FF","Swinging Strike","null","null"
"1109","Adam Conley",444482,"FF|FF","In play, run(s)","74.2","50.1"
"1111","Adam Conley",598284,"SL|FF","In play, run(s)","107.6","27.91"
"1112","Adam Conley",598284,"FF|SL","Foul (Runner Going)","null","null"
"1114","Adam Conley",605113,"FF|CH","Swinging Strike","null","null"
"1115","Adam Conley",605113,"CH|FF","Foul","null","null"
"1118","Adam Conley",605113,"FF|SL","In play, no out","91.4","-20.37"
"1120","Adam Conley",592662,"FF|FF","Called Strike","null","null"
"1122","Adam Conley",456422,"SL|SL","Swinging Strike","null","null"
"1123","Adam Conley",456422,"SL|FF","Called Strike","null","null"
"1126","Adam Conley",516416,"CH|FF","Called Strike","null","null"
"1128","Adam Conley",516416,"FF|SL","Foul","null","null"
"1129","Adam Conley",516416,"SL|CH","In play, out(s)","98.5","33.41"
"1132","Adam Conley",592273,"FF|FF","In play, out(s)","82.4","60.29"
"1137","Adam Conley",502671,"FF|FF","In play, no out","90.5","17.69"
"1138","Adam Conley",502671,"FF|FF","Foul","null","null"
"1139","Adam Conley",502671,"FF|FF","Foul","null","null"
"1147","Adam Conley",516416,"SL|FF","Called Strike","null","null"
"1150","Adam Conley",592273,"FF|CH","In play, out(s)","null","null"
"1151","Adam Conley",592273,"CH|CH","Foul","null","null"
"1153","Adam Conley",502671,"SL|FF","Foul","null","null"
"1154","Adam Conley",502671,"FF|CH","In play, run(s)","90.8","-4"
"1156","Adam Conley",456078,"FF|FF","In play, no out","82","6.55"
"1158","Adam Conley",456078,"FF|SL","Foul","null","null"
"1160","Adam Conley",444482,"FF|SL","Foul","null","null"
"1161","Adam Conley",444482,"SL|CH","Foul","null","null"
"1164","Adam Conley",444482,"FF|FF","Called Strike","null","null"
"1166","Adam Conley",598284,"CH|CH","Swinging Strike","null","null"
"1167","Adam Conley",598284,"CH|SL","Foul","null","null"
"1169","Adam Conley",605113,"CH|CH","Swinging Strike","null","null"
"1170","Adam Conley",605113,"CH|CH","In play, out(s)","62.6","-13.01"
"1173","Adam Conley",456422,"FF|FF","In play, no out","83.8","0.11"
"1175","Adam Conley",516416,"FF|FF","Foul","null","null"
"1176","Adam Conley",516416,"FF|CH","In play, out(s)","72.5","48.77"
"1177","Adam Conley",516416,"CH|CH","Called Strike","null","null"
"1178","Adam Conley",516416,"CH|SL","Foul","null","null"
"1182","Adam Conley",592662,"FF|FF","In play, out(s)","93.6","37"
"1186","Adam Conley",456488,"FF|FF","In play, run(s)","107.7","27.61"
"1189","Adam Conley",543257,"FF|FF","In play, no out","106.2","18.62"
"1192","Adam Conley",461858,"SL|SL","Foul","null","null"
"1193","Adam Conley",461858,"SL|FF","Foul","null","null"
"1194","Adam Conley",461858,"FF|FF","Called Strike","null","null"
"1196","Adam Conley",572821,"SL|FF","In play, no out","78.7","3.34"
"1199","Adam Conley",596146,"FF|FF","Foul","null","null"
"1202","Adam Conley",596146,"FF|SL","Foul","null","null"
"1204","Adam Conley",621439,"FF|CH","Called Strike","null","null"
"1205","Adam Conley",621439,"CH|SL","Swinging Strike","null","null"
"1207","Adam Conley",543257,"FF|FF","Called Strike","null","null"
"1209","Adam Conley",543257,"SL|FF","Foul","null","null"
"1211","Adam Conley",543257,"FF|SL","Swinging Strike","null","null"
"1214","Adam Conley",408045,"CH|FF","Called Strike","null","null"
"1215","Adam Conley",408045,"FF|CH","In play, no out","72.4","30.73"
"1218","Adam Conley",461858,"CH|FF","In play, out(s)","null","null"
"1220","Adam Conley",572821,"FF|FF","Foul","null","null"
"1222","Adam Conley",572821,"FF|CH","In play, out(s)","null","null"
"1225","Adam Conley",596146,"SL|FF","Called Strike","null","null"
"1227","Adam Conley",596146,"FF|FF","Called Strike","null","null"
"1228","Adam Conley",596146,"FF|SL","Swinging Strike (Blocked)","null","null"
"1230","Adam Conley",435559,"FF|CH","Called Strike","null","null"
"1233","Adam Conley",435559,"FF|FF","Foul","null","null"
"1234","Adam Conley",435559,"FF|FF","Foul","null","null"
"1235","Adam Conley",435559,"FF|SL","Swinging Strike","null","null"
"1239","Adam Conley",621439,"FF|FF","Foul","null","null"
"1240","Adam Conley",621439,"FF|SL","Foul","null","null"
"1241","Adam Conley",621439,"SL|FF","Foul","null","null"
"1242","Adam Conley",621439,"FF|SL","Swinging Strike","null","null"
"1244","Adam Conley",456488,"SL|FF","Called Strike","null","null"
"1246","Adam Conley",456488,"FF|FF","In play, run(s)","104.2","24.66"
"1248","Adam Conley",543257,"FF|CH","In play, out(s)","77.7","29.61"
"1252","Adam Conley",461858,"FF|CH","Swinging Strike","null","null"
"1253","Adam Conley",461858,"CH|SL","Swinging Strike","null","null"
"1255","Adam Conley",572821,"FF|FF","Swinging Strike","null","null"
"1258","Adam Conley",572821,"SL|SL","In play, out(s)","77.3","37.34"
"1260","Adam Conley",666560,"CH|CH","Called Strike","null","null"
"1265","Adam Conley",596146,"FF|CH","In play, out(s)","71.7","-32.15"
"1267","Adam Conley",435559,"FF|FF","Swinging Strike","null","null"
"1268","Adam Conley",435559,"FF|FF","Foul","null","null"
"1269","Adam Conley",435559,"FF|SL","In play, out(s)","99.8","26.52"
"1273","Adam Conley",666560,"CH|FF","In play, out(s)","97.7","37.8"
"1276","Adam Conley",408045,"FF|FF","In play, out(s)","101.5","6.81"
"1279","Adam Conley",456488,"CH|CH","In play, out(s)","81.2","-1.95"
"1281","Adam Conley",408045,"FF|FF","Called Strike","null","null"
"1282","Adam Conley",408045,"FF|FF","In play, out(s)","92.1","-21.31"
"1284","Adam Conley",435559,"FF|FF","In play, out(s)","96.9","40.16"
"1286","Adam Conley",502676,"FF|FF","Foul","null","null"
"1287","Adam Conley",502676,"FF|FF","Foul","null","null"
"1288","Adam Conley",502676,"FF|CH","In play, out(s)","null","null"
"1290","Adam Conley",502676,"SL|FF","Foul","null","null"
"1291","Adam Conley",502676,"FF|SL","Called Strike","null","null"
"1292","Adam Conley",502676,"SL|FF","Foul","null","null"
"1294","Adam Conley",474568,"FF|FF","Foul","null","null"
"1298","Adam Conley",474568,"CH|SL","Foul","null","null"
"1299","Adam Conley",474568,"SL|SL","Swinging Strike","null","null"
"1301","Adam Conley",457705,"FF|FF","In play, no out","101.8","12.98"
"1302","Adam Conley",457705,"FF|SL","Swinging Strike","null","null"
"1303","Adam Conley",457705,"SL|SL","Foul","null","null"
"1308","Adam Conley",516782,"FF|FF","In play, out(s)","66.5","5.16"
"1309","Adam Conley",516782,"FF|FF","Called Strike","null","null"
"1310","Adam Conley",516782,"FF|CH","Foul","null","null"
"1311","Adam Conley",516782,"CH|SL","Foul","null","null"
"1316","Adam Conley",474568,"FF|SL","Swinging Strike","null","null"
"1319","Adam Conley",457705,"FF|SL","In play, out(s)","95.4","-34.92"
"1320","Adam Conley",457705,"SL|FF","Foul","null","null"
"1324","Adam Conley",501896,"FF|FF","Called Strike","null","null"
"1328","Adam Conley",516782,"FF|SL","Foul","null","null"
"1329","Adam Conley",516782,"SL|CH","Foul","null","null"
"1332","Adam Conley",516782,"FF|SL","Swinging Strike","null","null"
"1334","Adam Conley",465041,"SL|FF","Called Strike","null","null"
"1335","Adam Conley",465041,"FF|SL","Called Strike","null","null"
"1338","Adam Conley",543281,"CH|SL","Swinging Strike","null","null"
"1340","Adam Conley",543281,"FF|FF","Foul","null","null"
"1342","Adam Conley",446481,"FF|FF","Called Strike","null","null"
"1344","Adam Conley",446481,"FF|FF","Foul","null","null"
"1345","Adam Conley",446481,"FF|FF","Foul","null","null"
"1347","Adam Conley",477003,"FF|FF","Swinging Strike","null","null"
"1348","Adam Conley",477003,"FF|FF","Called Strike","null","null"
"1350","Adam Conley",477003,"FF|FF","Called Strike","null","null"
"1353","Adam Conley",474568,"CH|SL","Foul","null","null"
"1354","Adam Conley",474568,"SL|SL","Foul","null","null"
"1356","Adam Conley",474568,"FF|FF","Foul","null","null"
"1357","Adam Conley",474568,"FF|FF","In play, out(s)","102.8","18.35"
"1359","Adam Conley",457705,"CH|FF","In play, out(s)","82.8","27.88"
"1362","Adam Conley",501896,"FF|CH","In play, out(s)","55.5","-48.81"
"1364","Adam Conley",516782,"FF|CH","Swinging Strike","null","null"
"1365","Adam Conley",516782,"CH|FF","Foul","null","null"
"1367","Adam Conley",516782,"FF|SL","Swinging Strike","null","null"
"1370","Adam Conley",465041,"SL|FF","Foul","null","null"
"1373","Adam Conley",465041,"CH|SL","Called Strike","null","null"
"1375","Adam Conley",465041,"SL|SL","Foul","null","null"
"1380","Adam Conley",446481,"FF|CH","Foul (Runner Going)","null","null"
"1381","Adam Conley",446481,"CH|SL","Swinging Strike","null","null"
"1382","Adam Conley",446481,"SL|SL","Swinging Strike","null","null"
"1384","Adam Conley",444379,"FF|SL","Swinging Strike","null","null"
"1385","Adam Conley",444379,"SL|FF","Swinging Strike","null","null"
"1386","Adam Conley",444379,"FF|FF","Foul","null","null"
"1387","Adam Conley",444379,"FF|FF","In play, out(s)","null","null"
"1388","Adam Conley",444379,"FF|FF","Called Strike","null","null"
"1391","Adam Conley",542255,"FF|FF","Foul","null","null"
"1392","Adam Conley",542255,"FF|FF","In play, out(s)","81.8","2.83"
"1396","Adam Conley",493596,"FF|FF","Called Strike","null","null"
"1398","Adam Conley",493596,"SL|FF","In play, no out","88.3","15.03"
"1400","Adam Conley",518692,"CH|FF","Foul","null","null"
"1403","Adam Conley",452095,"FF|SL","Swinging Strike","null","null"
"1404","Adam Conley",452095,"SL|FF","Called Strike","null","null"
"1406","Adam Conley",452095,"FF|FF","Foul","null","null"
"1408","Adam Conley",455976,"FF|FF","Foul","null","null"
"1410","Adam Conley",455976,"FF|FF","In play, out(s)","null","null"
"1413","Adam Conley",488818,"FF|CH","Called Strike","null","null"
"1414","Adam Conley",488818,"CH|FF","In play, no out","84","11.36"
"1418","Adam Conley",542255,"SL|FF","In play, out(s)","62.6","-3.9"
"1422","Adam Conley",493596,"CH|SL","Foul","null","null"
"1425","Adam Conley",493596,"FF|FF","Called Strike","null","null"
"1428","Adam Conley",518692,"FF|FF","Foul","null","null"
"1429","Adam Conley",518692,"FF|SL","Swinging Strike","null","null"
"1430","Adam Conley",518692,"SL|SL","Called Strike","null","null"
"1436","Adam Conley",455976,"FF|FF","Foul","null","null"
"1437","Adam Conley",455976,"FF|FF","Foul","null","null"
"1438","Adam Conley",455976,"FF|FF","Called Strike","null","null"
"1440","Adam Conley",425796,"CH|CH","Foul","null","null"
"1441","Adam Conley",425796,"CH|CH","In play, out(s)","96","32.8"
"1442","Adam Conley",425796,"CH|CH","Called Strike","null","null"
"1451","Adam Conley",493596,"CH|SL","Foul","null","null"
"1452","Adam Conley",493596,"SL|SL","In play, out(s)","102.3","15.63"
"1453","Adam Conley",493596,"SL|FF","Called Strike","null","null"
"1454","Adam Conley",493596,"FF|SL","Foul","null","null"
"1455","Adam Conley",493596,"SL|FF","Foul","null","null"
"1457","Adam Conley",518692,"FF|FF","Swinging Strike","null","null"
"1459","Adam Conley",452095,"FF|FF","Foul","null","null"
"1460","Adam Conley",452095,"FF|FF","Foul","null","null"
"1461","Adam Conley",452095,"FF|FF","In play, run(s)","108.5","18.96"
"1464","Adam Conley",452095,"SL|FF","Called Strike","null","null"
"1465","Adam Conley",452095,"FF|FF","Foul","null","null"
"1470","Adam Conley",425796,"FF|FF","In play, run(s)","85","21.78"
"1472","Adam Conley",554234,"FF|FF","In play, out(s)","null","null"
"1473","Adam Conley",554234,"FF|FF","Missed Bunt","null","null"
"1474","Adam Conley",554234,"FF|FF","In play, out(s)","null","null"
"1477","Adam Conley",488818,"FF|FF","In play, out(s)","69.8","12.49"
"1479","Adam Conley",488818,"SL|FF","Called Strike","null","null"
"1481","Adam Conley",519184,"FF|SL","In play, no out","85.3","7.83"
"1482","Adam Conley",519184,"SL|FF","Called Strike","null","null"
"1484","Adam Conley",150029,"FF|FF","Foul","null","null"
"1486","Adam Conley",150029,"FF|FF","In play, out(s)","97.1","-5.01"
"1488","Adam Conley",150029,"FF|FF","Called Strike","null","null"
"1489","Adam Conley",150029,"FF|SL","Foul","null","null"
"1494","Adam Conley",475582,"FF|FF","Swinging Strike","null","null"
"1496","Adam Conley",475582,"FF|CH","Swinging Strike","null","null"
"1498","Adam Conley",543685,"CH|FF","In play, out(s)","103","25.39"
"1499","Adam Conley",543685,"FF|FF","Called Strike","null","null"
"1501","Adam Conley",467092,"FF|FF","In play, no out","105.7","16.32"
"1512","Adam Conley",502517,"FF|FF","Foul","null","null"
"1513","Adam Conley",502517,"FF|FF","Called Strike","null","null"
"1514","Adam Conley",502517,"FF|FF","In play, run(s)","78.9","-15.03"
"1519","Adam Conley",475582,"FF|FF","Called Strike","null","null"
"1522","Adam Conley",543685,"CH|FF","In play, run(s)","72.7","25.2"
"1528","Adam Conley",457787,"CH|FF","Foul","null","null"
"1529","Adam Conley",457787,"FF|FF","Swinging Strike","null","null"
"1531","Adam Conley",457787,"SL|SL","Foul","null","null"
"1535","Adam Conley",519184,"CH|FF","In play, out(s)","91.8","-20.39"
"1536","Adam Conley",519184,"FF|FF","Called Strike","null","null"
"1540","Adam Conley",150029,"CH|CH","In play, out(s)","75.6","13.08"
"1542","Adam Conley",547180,"FF|CH","Foul","null","null"
"1543","Adam Conley",547180,"CH|FF","Foul","null","null"
"1545","Adam Conley",547180,"FF|SL","In play, out(s)","88.2","-22.79"
"1547","Adam Conley",502517,"FF|FF","Called Strike","null","null"
"1552","Adam Conley",475582,"CH|CH","In play, out(s)","64.5","-18.66"
"1553","Adam Conley",475582,"CH|FF","Called Strike","null","null"
"1555","Adam Conley",543685,"FF|FF","Called Strike","null","null"
"1558","Adam Conley",543685,"FF|FF","Called Strike","null","null"
"1561","Adam Conley",467092,"FF|FF","Called Strike","null","null"
"1562","Adam Conley",467092,"FF|FF","Foul","null","null"
"1567","Adam Conley",457787,"FF|FF","Foul","null","null"
"1569","Adam Conley",457787,"CH|FF","In play, run(s)","109.9","-2.68"
"1572","Adam Conley",453286,"null|FF","Called Strike","null","null"
"1575","Adam Conley",502517,"FF|FF","Foul","null","null"
"1576","Adam Conley",502517,"FF|FF","In play, out(s)","null","null"
"1578","Adam Conley",150029,"FF|FF","Foul","null","null"
"1579","Adam Conley",150029,"FF|CH","In play, out(s)","null","null"
"1580","Adam Conley",150029,"CH|FF","Foul","null","null"
"1581","Adam Conley",150029,"FF|CH","Foul","null","null"
"1584","Adam Conley",453286,"FF|FF","Called Strike","null","null"
"1589","Adam Conley",596748,"CH|FF","In play, out(s)","100.5","-13.58"
"1590","Adam Conley",596748,"FF|FF","Called Strike","null","null"
"1592","Adam Conley",434563,"SL|FF","Foul","null","null"
"1593","Adam Conley",434563,"FF|FF","Called Strike","null","null"
"1594","Adam Conley",434563,"FF|SL","Called Strike","null","null"
"1595","Adam Conley",434563,"SL|FF","In play, out(s)","98.3","38.68"
"1597","Adam Conley",571830,"FF|FF","Foul","null","null"
"1598","Adam Conley",571830,"FF|FF","Foul","null","null"
"1599","Adam Conley",571830,"FF|FF","In play, out(s)","95","23.96"
"1601","Adam Conley",571830,"FF|FF","Foul","null","null"
"1603","Adam Conley",520471,"CH|FF","Foul","null","null"
"1604","Adam Conley",520471,"FF|CH","In play, out(s)","81.3","61.35"
"1606","Adam Conley",595963,"FF|FF","In play, no out","97.3","-12.2"
"1608","Adam Conley",595963,"FF|SL","Foul","null","null"
"1611","Adam Conley",595191,"FF|CH","Called Strike","null","null"
"1612","Adam Conley",595191,"CH|FF","In play, no out","63.4","22.78"
"1613","Adam Conley",595191,"FF|FF","Foul","null","null"
"1617","Adam Conley",546318,"CH|FF","In play, out(s)","81.8","38.99"
"1620","Adam Conley",514917,"SL|CH","Swinging Strike","null","null"
"1622","Adam Conley",514917,"SL|FF","Called Strike","null","null"
"1623","Adam Conley",514917,"FF|CH","In play, out(s)","79.5","1.08"
"1625","Adam Conley",596748,"CH|FF","Called Strike","null","null"
"1626","Adam Conley",596748,"FF|CH","Swinging Strike","null","null"
"1632","Adam Conley",571830,"SL|CH","Called Strike","null","null"
"1633","Adam Conley",571830,"CH|FF","In play, out(s)","95.3","41.56"
"1635","Adam Conley",520471,"FF|CH","In play, no out","78.6","5.24"
"1636","Adam Conley",520471,"CH|FF","Foul","null","null"
"1637","Adam Conley",520471,"FF|CH","Foul","null","null"
"1639","Adam Conley",595963,"FF|FF","In play, run(s)","94","-18.58"
"1642","Adam Conley",595191,"SL|CH","Swinging Strike","null","null"
"1643","Adam Conley",595191,"CH|FF","Called Strike","null","null"
"1644","Adam Conley",595191,"FF|SL","Foul (Runner Going)","null","null"
"1647","Adam Conley",488721,"CH|FF","Called Strike","null","null"
"1648","Adam Conley",488721,"FF|CH","Swinging Strike","null","null"
"1651","Adam Conley",514917,"CH|CH","Foul","null","null"
"1652","Adam Conley",514917,"CH|FF","Foul","null","null"
"1653","Adam Conley",514917,"FF|FF","Swinging Strike","null","null"
"1655","Adam Conley",596748,"FF|FF","Called Strike","null","null"
"1656","Adam Conley",596748,"FF|FF","Foul","null","null"
"1658","Adam Conley",434563,"FF|FF","Foul","null","null"
"1660","Adam Conley",571830,"SL|SL","In play, no out","103.9","8.09"
"1664","Adam Conley",520471,"FF|FF","In play, out(s)","88.8","-9.75"
"1666","Adam Conley",520471,"FF|FF","Foul","null","null"
"1668","Adam Conley",502034,"CH|FF","Foul","null","null"
"1669","Adam Conley",502034,"FF|CH","In play, out(s)","80.4","20.85"
"1670","Adam Conley",502034,"CH|CH","Foul","null","null"
"1675","Adam Conley",546318,"FF|FF","In play, out(s)","77.9","36.06"
"1677","Adam Conley",546318,"CH|FF","Swinging Strike","null","null"
"1678","Adam Conley",546318,"FF|CH","In play, no out","null","null"
"1682","Adam Conley",460075,"FF|FF","In play, run(s)","92.3","15.19"
"1683","Adam Conley",460075,"FF|FF","Called Strike","null","null"
"1688","Adam Conley",474892,"SL|FF","Foul","null","null"
"1689","Adam Conley",474892,"FF|FF","In play, out(s)","64.6","4.25"
"1692","Adam Conley",431094,"FF|CH","In play, no out","94.3","5.79"
"1694","Adam Conley",502100,"FF|FF","Called Strike","null","null"
"1698","Adam Conley",605200,"FF|FF","Swinging Strike","null","null"
"1699","Adam Conley",605200,"FF|FF","Foul","null","null"
"1700","Adam Conley",605200,"FF|FF","Foul","null","null"
"1702","Adam Conley",542340,"CH|SL","Swinging Strike","null","null"
"1703","Adam Conley",542340,"SL|SL","Swinging Strike","null","null"
"1710","Adam Conley",460075,"SL|SL","Called Strike","null","null"
"1711","Adam Conley",460075,"SL|CH","Foul","null","null"
"1712","Adam Conley",460075,"CH|FF","Foul","null","null"
"1715","Adam Conley",518960,"FF|FF","Swinging Strike","null","null"
"1716","Adam Conley",518960,"FF|CH","In play, out(s)","96.2","27.77"
"1718","Adam Conley",474892,"CH|CH","Foul (Runner Going)","null","null"
"1720","Adam Conley",474892,"FF|CH","In play, out(s)","100.1","5.41"
"1722","Adam Conley",474892,"CH|SL","Swinging Strike","null","null"
"1725","Adam Conley",431094,"FF|FF","Called Strike","null","null"
"1729","Adam Conley",541650,"CH|FF","Foul","null","null"
"1730","Adam Conley",541650,"FF|FF","In play, no out","79.8","24.65"
"1731","Adam Conley",541650,"FF|FF","Called Strike","null","null"
"1736","Adam Conley",460075,"FF|FF","Called Strike","null","null"
"1739","Adam Conley",518960,"FF|FF","Called Strike","null","null"
"1740","Adam Conley",518960,"FF|SL","Called Strike","null","null"
"1742","Adam Conley",502100,"FF|SL","In play, out(s)","53.2","-35.31"
"1743","Adam Conley",502100,"SL|SL","Swinging Strike","null","null"
"1744","Adam Conley",502100,"SL|SL","Called Strike","null","null"
"1746","Adam Conley",570717,"SL|FF","Called Strike","null","null"
"1749","Adam Conley",570717,"FF|FF","Called Strike","null","null"
"1750","Adam Conley",570717,"FF|CH","In play, out(s)","null","null"
"1753","Adam Conley",542340,"CH|FF","Called Strike","null","null"
"1755","Adam Conley",542340,"FF|FF","Called Strike","null","null"
"1756","Adam Conley",542340,"FF|SL","In play, run(s)","104","10.23"
"1761","Adam Conley",542340,"FF|FF","In play, no out","77.8","22.15"
"1762","Adam Conley",542340,"FF|FF","Called Strike","null","null"
"1763","Adam Conley",542340,"FF|FF","Foul","null","null"
"1765","Adam Conley",516416,"FF|FF","In play, out(s)","97.4","37.01"
"1771","Adam Conley",502671,"FF|FF","Foul","null","null"
"1772","Adam Conley",502671,"FF|CH","Swinging Strike","null","null"
"1773","Adam Conley",502671,"CH|FF","Foul","null","null"
"1774","Adam Conley",502671,"FF|SL","Swinging Strike","null","null"
"1775","Adam Conley",502671,"SL|FF","Foul","null","null"
"1776","Adam Conley",502671,"FF|SL","Foul","null","null"
"1779","Adam Conley",456078,"FF|FF","Called Strike","null","null"
"1781","Adam Conley",456078,"FF|SL","Swinging Strike","null","null"
"1783","Adam Conley",444482,"FF|FF","Called Strike","null","null"
"1784","Adam Conley",444482,"FF|FF","Foul","null","null"
"1785","Adam Conley",444482,"FF|SL","Hit By Pitch","null","null"
"1787","Adam Conley",630111,"CH|FF","Foul","null","null"
"1788","Adam Conley",630111,"FF|FF","Foul","null","null"
"1791","Adam Conley",572008,"CH|FF","Foul","null","null"
"1792","Adam Conley",572008,"FF|FF","Foul","null","null"
"1793","Adam Conley",572008,"FF|FF","Foul","null","null"
"1795","Adam Conley",605113,"FF|CH","Foul","null","null"
"1797","Adam Conley",605113,"CH|SL","In play, out(s)","100.1","17.18"
"1799","Adam Conley",605113,"FF|FF","Foul","null","null"
"1800","Adam Conley",605113,"FF|FF","Foul","null","null"
"1802","Adam Conley",592662,"FF|FF","Foul","null","null"
"1803","Adam Conley",592662,"FF|FF","Called Strike","null","null"
"1804","Adam Conley",592662,"FF|SL","Swinging Strike","null","null"
"1806","Adam Conley",592273,"FF|FF","Swinging Strike","null","null"
"1807","Adam Conley",592273,"FF|FF","Foul","null","null"
"1809","Adam Conley",592273,"FF|FF","Called Strike","null","null"
"1811","Adam Conley",592273,"CH|FF","In play, out(s)","89.6","-16.95"
"1813","Adam Conley",502671,"FF|CH","Foul","null","null"
"1815","Adam Conley",502671,"FF|CH","Foul","null","null"
"1817","Adam Conley",502671,"FF|CH","Called Strike","null","null"
"1818","Adam Conley",502671,"CH|SL","In play, out(s)","86.6","36.7"
"1820","Adam Conley",456078,"FF|SL","Foul","null","null"
"1822","Adam Conley",456078,"FF|FF","Swinging Strike","null","null"
"1823","Adam Conley",456078,"FF|FF","In play, no out","107.2","10.37"
"1825","Adam Conley",444482,"FF|FF","Called Strike","null","null"
"1830","Adam Conley",630111,"SL|FF","Foul","null","null"
"1831","Adam Conley",630111,"FF|FF","Foul","null","null"
"1834","Adam Conley",605113,"FF|FF","Called Strike","null","null"
"1836","Adam Conley",592662,"FF|FF","Foul","null","null"
"1838","Adam Conley",592662,"SL|CH","Called Strike","null","null"
"1839","Adam Conley",592662,"CH|FF","In play, out(s)","92","-27.7"
"1841","Adam Conley",516416,"FF|FF","Foul","null","null"
"1842","Adam Conley",516416,"FF|FF","Called Strike","null","null"
"1843","Adam Conley",516416,"FF|SL","In play, no out","104.8","12.48"
"1845","Adam Conley",592273,"CH|CH","Swinging Strike","null","null"
"1846","Adam Conley",592273,"CH|CH","In play, out(s)","71.7","-2.9"
"1848","Adam Conley",592273,"FF|FF","Foul","null","null"
"1850","Adam Conley",516416,"CH|FF","In play, out(s)","null","null"
"1853","Adam Conley",570267,"SL|FF","In play, out(s)","106.7","-11.41"
"1854","Adam Conley",570267,"FF|FF","Called Strike","null","null"
"1855","Adam Conley",570267,"FF|FF","Foul","null","null"
"1857","Adam Conley",542340,"FF|FF","Foul","null","null"
"1860","Adam Conley",542340,"CH|FF","Swinging Strike","null","null"
"1862","Adam Conley",518960,"FF|FF","Called Strike","null","null"
"1864","Adam Conley",518960,"CH|FF","In play, out(s)","100.6","-0.32"
"1866","Adam Conley",474892,"FF|FF","In play, out(s)","102.5","17.09"
"1867","Adam Conley",474892,"FF|FF","Called Strike","null","null"
"1870","Adam Conley",431094,"FF|FF","Called Strike","null","null"
"1871","Adam Conley",431094,"FF|SL","Foul","null","null"
"1873","Adam Conley",570717,"FF|SL","In play, out(s)","94.8","-24.77"
"1875","Adam Conley",570717,"FF|FF","Called Strike","null","null"
"1877","Adam Conley",592680,"FF|FF","Foul","null","null"
"1879","Adam Conley",592680,"SL|FF","Called Strike","null","null"
"1881","Adam Conley",592680,"FF|FF","In play, out(s)","90.5","42.86"
"1883","Adam Conley",605200,"FF|FF","Swinging Strike","null","null"
"1884","Adam Conley",605200,"FF|FF","Foul","null","null"
"1889","Adam Conley",542340,"FF|FF","Foul","null","null"
"1891","Adam Conley",542340,"CH|FF","Foul","null","null"
"1895","Adam Conley",460075,"CH|CH","Swinging Strike","null","null"
"1896","Adam Conley",460075,"CH|CH","Swinging Strike","null","null"
"1899","Adam Conley",518960,"FF|CH","Foul","null","null"
"1901","Adam Conley",518960,"SL|FF","Foul","null","null"
"1903","Adam Conley",518960,"FF|FF","Swinging Strike","null","null"
"1905","Adam Conley",431094,"SL|FF","In play, out(s)","89.9","40.49"
"1906","Adam Conley",431094,"FF|FF","Foul","null","null"
"1908","Adam Conley",570717,"FF|FF","Foul","null","null"
"1909","Adam Conley",570717,"FF|SL","Foul","null","null"
"1910","Adam Conley",570717,"SL|FF","Called Strike","null","null"
"1912","Adam Conley",570717,"CH|FF","In play, out(s)","null","null"
"1914","Adam Conley",592680,"CH|SL","Swinging Strike","null","null"
"1916","Adam Conley",592680,"FF|CH","Swinging Strike","null","null"
"1919","Adam Conley",541650,"FF|FF","In play, out(s)","99.9","27"
"1920","Adam Conley",541650,"FF|FF","Called Strike","null","null"
"1923","Adam Conley",460075,"FF|FF","Called Strike","null","null"
"1925","Adam Conley",460075,"FF|FF","Foul","null","null"
"1927","Adam Conley",518960,"FF|FF","Called Strike","null","null"
"1930","Adam Conley",518960,"FF|FF","In play, out(s)","82","55.05"
"1932","Adam Conley",474892,"CH|CH","Swinging Strike","null","null"
"1934","Adam Conley",474892,"CH|SL","Foul","null","null"
"1939","Adam Conley",431094,"SL|CH","In play, out(s)","83.5","58.81"
"1940","Adam Conley",431094,"CH|FF","Foul","null","null"
"1942","Adam Conley",570717,"FF|FF","Swinging Strike","null","null"
"1943","Adam Conley",570717,"FF|FF","Called Strike","null","null"
"1944","Adam Conley",570717,"FF|FF","Foul","null","null"
"1946","Adam Conley",570717,"SL|FF","Called Strike","null","null"
"1948","Adam Conley",595023,"FF|FF","Foul","null","null"
"1949","Adam Conley",595023,"FF|FF","Foul","null","null"
"1955","Adam Conley",541650,"CH|FF","Swinging Strike","null","null"
"1956","Adam Conley",541650,"FF|SL","In play, out(s)","92","29.45"
"1959","Adam Conley",460075,"FF|SL","In play, out(s)","79.5","-9.41"
"1964","Adam Conley",570267,"CH|FF","In play, out(s)","96.4","-15.9"
"1965","Adam Conley",570267,"FF|FF","Called Strike","null","null"
"1966","Adam Conley",570267,"FF|FF","Foul","null","null"
"1970","Adam Conley",434636,"FF|FF","In play, no out","88","13.62"
"1973","Adam Conley",605412,"FF|FF","In play, out(s)","55.5","3.16"
"1976","Adam Conley",605412,"SL|FF","Called Strike","null","null"
"1978","Adam Conley",622110,"SL|FF","Called Strike","null","null"
"1979","Adam Conley",622110,"FF|FF","In play, out(s)","84.2","42.56"
"1981","Adam Conley",457763,"FF|FF","Called Strike","null","null"
"1982","Adam Conley",457763,"FF|CH","Foul","null","null"
"1985","Adam Conley",623143,"FF|FF","Foul","null","48.97"
"1987","Adam Conley",623143,"FF|FF","Called Strike","null","null"
"1991","Adam Conley",453923,"FF|FF","Called Strike","null","null"
"1992","Adam Conley",453923,"FF|SL","In play, run(s)","77.8","9.66"
"1995","Adam Conley",543063,"SL|FF","Called Strike","null","null"
"1996","Adam Conley",543063,"FF|SL","In play, out(s)","46.4","8.03"
"1997","Adam Conley",543063,"SL|SL","Swinging Strike","null","null"
"1999","Adam Conley",430912,"FF|CH","Swinging Strike","null","null"
"2000","Adam Conley",430912,"CH|FF","Swinging Strike","null","null"
"2001","Adam Conley",430912,"FF|FF","Foul","null","null"
"2003","Adam Conley",434636,"FF|CH","In play, out(s)","94.9","18.12"
"2006","Adam Conley",605412,"FF|FF","Foul","null","-48.21"
"2007","Adam Conley",605412,"FF|CH","Foul","null","null"
"2010","Adam Conley",605412,"CH|FF","Called Strike","null","null"
"2011","Adam Conley",605412,"FF|FF","In play, no out","101.7","30.44"
"2018","Adam Conley",452254,"FF|CH","Called Strike","null","null"
"2020","Adam Conley",452254,"CH|FF","In play, run(s)","110.6","22.72"
"2022","Adam Conley",623143,"SL|FF","Foul","null","47.41"
"2025","Adam Conley",453923,"FF|FF","In play, out(s)","93.6","-1.86"
"2026","Adam Conley",453923,"FF|FF","Foul","null","19.45"
"2029","Adam Conley",430912,"FF|FF","Called Strike","null","null"
"2030","Adam Conley",430912,"FF|FF","Called Strike","null","null"
"2035","Adam Conley",605412,"SL|FF","Called Strike","null","null"
"2036","Adam Conley",605412,"FF|FF","Foul","null","19.55"
"2039","Adam Conley",605412,"FF|SL","In play, no out","78.7","15.51"
"2047","Adam Conley",452254,"CH|FF","Called Strike","null","null"
"2051","Adam Conley",453923,"FF|FF","Called Strike","null","null"
"2055","Adam Conley",453923,"FF|FF","Foul","null","null"
"2058","Adam Conley",543685,"FF|FF","In play, no out","106","12.99"
"2061","Adam Conley",547180,"FF|FF","Foul","null","28.65"
"2062","Adam Conley",547180,"FF|CH","Swinging Strike","null","null"
"2063","Adam Conley",547180,"CH|FF","Foul","null","2.7"
"2064","Adam Conley",547180,"FF|CH","Foul","null","null"
"2070","Adam Conley",502517,"FF|FF","In play, no out","98","2.78"
"2072","Adam Conley",150029,"FF|CH","Foul","null","null"
"2075","Adam Conley",150029,"FF|FF","Called Strike","null","null"
"2078","Adam Conley",457787,"SL|FF","Called Strike","null","null"
"2079","Adam Conley",457787,"FF|SL","Swinging Strike","null","null"
"2083","Adam Conley",544931,"FF|FF","Called Strike","null","null"
"2084","Adam Conley",544931,"FF|FF","Foul","null","null"
"2086","Adam Conley",572191,"CH|CH","Swinging Strike","null","null"
"2087","Adam Conley",572191,"CH|FF","Called Strike","null","null"
"2091","Adam Conley",543685,"CH|FF","Foul","null","null"
"2093","Adam Conley",543685,"CH|CH","In play, out(s)","72.6","-13.55"
"2098","Adam Conley",547180,"FF|FF","Foul","null","64.34"
"2099","Adam Conley",547180,"FF|FF","Swinging Strike","null","null"
"2102","Adam Conley",475582,"SL|SL","Swinging Strike","null","null"
"2104","Adam Conley",475582,"FF|SL","Swinging Strike","null","null"
"2106","Adam Conley",502517,"FF|CH","Foul","null","72.27"
"2107","Adam Conley",502517,"CH|SL","In play, no out","60.9","18.37"
"2109","Adam Conley",502517,"FF|FF","Called Strike","null","null"
"2110","Adam Conley",502517,"FF|CH","Foul","null","null"
"2112","Adam Conley",150029,"FF|CH","Swinging Strike","null","null"
"2113","Adam Conley",150029,"CH|CH","Foul","null","null"
"2114","Adam Conley",150029,"CH|FF","Foul","null","81.87"
"2116","Adam Conley",467092,"CH|FF","In play, out(s)","99.1","33.64"
"2117","Adam Conley",467092,"FF|CH","Foul","null","null"
"2119","Adam Conley",457787,"FF|CH","Called Strike","null","null"
"2122","Adam Conley",572191,"CH|FF","Foul","null","59.11"
"2124","Adam Conley",572191,"FF|SL","Swinging Strike","null","null"
"2127","Adam Conley",475582,"FF|FF","In play, out(s)","82.5","37.83"
"2134","Adam Conley",572191,"FF|CH","Swinging Strike","null","null"
"2135","Adam Conley",572191,"CH|SL","In play, no out","103.6","19.1"
"2138","Adam Conley",543685,"SL|CH","In play, out(s)","57.5","-9.73"
"2140","Adam Conley",543685,"FF|FF","Swinging Strike","null","null"
"2141","Adam Conley",543685,"FF|SL","Foul","null","null"
"2144","Adam Conley",467092,"FF|SL","In play, out(s)","102.4","-6.27"
"2146","Adam Conley",150029,"FF|SL","Foul","null","-12.55"
"2149","Adam Conley",150029,"CH|FF","In play, run(s)","110.3","19.81"
"2152","Adam Conley",434158,"FF|FF","Called Strike","null","null"
"2156","Adam Conley",431151,"SL|FF","Called Strike","null","null"
"2157","Adam Conley",431151,"FF|FF","Called Strike","null","null"
"2158","Adam Conley",431151,"FF|FF","Foul","null","null"
"2159","Adam Conley",431151,"FF|FF","Foul","null","null"
"2160","Adam Conley",431151,"FF|FF","Swinging Strike","null","null"
"2164","Adam Conley",493316,"FF|FF","Swinging Strike","null","null"
"2165","Adam Conley",493316,"FF|FF","Called Strike","null","null"
"2166","Adam Conley",493316,"FF|FF","Foul","null","null"
"2168","Adam Conley",435522,"FF|FF","Swinging Strike","null","null"
"2170","Adam Conley",435522,"FF|FF","Called Strike","null","null"
"2172","Adam Conley",435522,"CH|FF","Swinging Strike","null","null"
"2175","Adam Conley",527038,"FF|FF","In play, out(s)","71","50.71"
"2177","Adam Conley",452678,"FF|FF","In play, out(s)","80","56.16"
"2181","Adam Conley",608700,"FF|FF","Swinging Strike","null","null"
"2183","Adam Conley",608700,"FF|FF","Swinging Strike","null","null"
"2184","Adam Conley",608700,"FF|FF","Called Strike","null","null"
"2186","Adam Conley",548337,"FF|FF","Called Strike","null","null"
"2187","Adam Conley",548337,"FF|FF","Swinging Strike","null","null"
"2189","Adam Conley",434158,"FF|FF","In play, no out","86.5","10.58"
"2193","Adam Conley",431151,"FF|FF","In play, no out","87","18.99"
"2196","Adam Conley",493316,"SL|CH","Foul","null","null"
"2198","Adam Conley",493316,"FF|FF","Called Strike","null","null"
"2199","Adam Conley",493316,"FF|FF","Foul","null","null"
"2200","Adam Conley",493316,"FF|FF","Swinging Strike","null","null"
"2202","Adam Conley",435522,"SL|FF","In play, no out","104","8.93"
"2203","Adam Conley",435522,"FF|FF","Foul","null","null"
"2206","Adam Conley",452678,"FF|SL","Swinging Strike","null","null"
"2207","Adam Conley",452678,"SL|CH","Foul","null","null"
"2208","Adam Conley",452678,"CH|FF","Foul","null","null"
"2214","Adam Conley",548337,"FF|FF","Foul","null","null"
"2217","Adam Conley",434158,"CH|FF","Called Strike","null","null"
"2218","Adam Conley",434158,"FF|FF","In play, out(s)","89.7","42.69"
"2221","Adam Conley",431151,"FF|CH","Foul","null","null"
"2223","Adam Conley",493316,"CH|SL","Foul","null","null"
"2224","Adam Conley",493316,"SL|FF","Foul","null","null"
"2225","Adam Conley",493316,"FF|CH","Foul","null","null"
"2226","Adam Conley",493316,"CH|FF","Swinging Strike","null","null"
"2228","Adam Conley",435522,"SL|CH","Swinging Strike","null","null"
"2229","Adam Conley",435522,"CH|FF","Called Strike","null","null"
"2230","Adam Conley",435522,"FF|FF","Foul","null","null"
"2234","Adam Conley",527038,"SL|FF","Foul","null","null"
"2236","Adam Conley",527038,"SL|FF","In play, out(s)","null","null"
"2239","Adam Conley",501571,"FF|FF","Foul","null","null"
"2241","Adam Conley",501571,"SL|SL","In play, out(s)","null","null"
"2242","Adam Conley",501571,"SL|CH","In play, out(s)","85.9","8.16"
"2247","Adam Conley",572191,"FF|FF","In play, out(s)","77.2","12.8"
"2252","Adam Conley",543685,"FF|FF","In play, no out","103.6","18.96"
"2257","Adam Conley",547180,"FF|FF","Called Strike","null","null"
"2259","Adam Conley",475582,"FF|FF","Called Strike","null","null"
"2264","Adam Conley",150029,"FF|SL","Swinging Strike","null","null"
"2265","Adam Conley",150029,"SL|SL","Swinging Strike (Blocked)","null","null"
"2266","Adam Conley",150029,"SL|FF","Swinging Strike","null","null"
"2270","Adam Conley",502517,"SL|FF","Called Strike","null","null"
"2271","Adam Conley",502517,"FF|SL","In play, run(s)","99.2","26.03"
"2273","Adam Conley",467092,"FF|FF","Called Strike","null","null"
"2274","Adam Conley",467092,"FF|FF","Called Strike","null","null"
